{"cameraMode":{"drawMode":0,"name":"Shaded","section":"Shading Mode"},"sceneLighting":true,"audioPlay":false,"sceneViewState":{"showFog":true,"showMaterialUpdate":false,"showSkybox":true,"showFlares":true,"showImageEffects":true,"showParticleSystems":true},"in2DMode":false,"pivot":{"x":-9.3486328125,"y":2.4443359375,"z":10.244140625},"rotation":{"x":-0.012011469341814518,"y":-0.9308775663375855,"z":0.030730148777365686,"w":-0.36384275555610659},"size":9.439200401306153,"orthographic":true}